BEGIN TRANSACTION;
CREATE TABLE IF NOT EXISTS "Products" (
	"ProductID"	INT,
	"ProductName"	VARCHAR(255),
	"Price"	DECIMAL(10, 2),
	"CategoryID"	INT,
	"SupplierInfo"	VARCHAR(255),
	PRIMARY KEY("ProductID"),
	FOREIGN KEY("CategoryID") REFERENCES "Categories"("CategoryID")
);
CREATE TABLE IF NOT EXISTS "Employees" (
	"EmployeeID"	INT,
	"Employee_Name"	VARCHAR(255),
	"Role"	VARCHAR(255),
	"ContactInformation"	VARCHAR(255),
	PRIMARY KEY("EmployeeID")
);
CREATE TABLE IF NOT EXISTS "Customers" (
	"CustomerID"	INT,
	"CustomerName"	VARCHAR(255),
	"ContactInformation"	VARCHAR(255),
	"PurchaseHistory"	TEXT,
	PRIMARY KEY("CustomerID")
);
CREATE TABLE IF NOT EXISTS "Sales" (
	"TransactionID"	INT,
	"DateTime"	DATETIME,
	"ProductID"	INT,
	"EmployeeID"	INT,
	"PaymentMethod"	VARCHAR(255),
	"CustomerID"	INT,
	PRIMARY KEY("TransactionID"),
	FOREIGN KEY("ProductID") REFERENCES "Products"("ProductID"),
	FOREIGN KEY("CustomerID") REFERENCES "Customers"("CustomerID"),
	FOREIGN KEY("EmployeeID") REFERENCES "Employees"("EmployeeID")
);
CREATE TABLE IF NOT EXISTS "Inventory" (
	"ProductID"	INT,
	"QuantityOnHand"	INT,
	"RecordPoint"	INT,
	"SupplierInfo"	VARCHAR(255),
	PRIMARY KEY("ProductID"),
	FOREIGN KEY("ProductID") REFERENCES "Products"("ProductID")
);
CREATE TABLE IF NOT EXISTS "Categories" (
	"CategoryID"	INT,
	"CategoryName"	VARCHAR(255),
	PRIMARY KEY("CategoryID")
);
INSERT INTO "Products" ("ProductID","ProductName","Price","CategoryID","SupplierInfo") VALUES (1,'Laptop',1200,1,'SupplierA'),
 (2,'Smartphone',800,1,'SupplierB'),
 (3,'Printer',300,2,'SupplierC'),
 (4,'Tablet',500,1,'SupplierD'),
 (5,'Desktop Computer',1500,1,'SupplierE'),
 (6,'Wireless Mouse',25,2,'SupplierF'),
 (7,'External Hard Drive',120,3,'SupplierG'),
 (8,'Office Chair',200,4,'SupplierH'),
 (9,'Coffee Maker',40,5,'SupplierI'),
 (10,'Fitness Tracker',80,6,'SupplierJ'),
 (11,'Notebook',15,7,'SupplierK'),
 (12,'Bluetooth Headphones',60,8,'SupplierL'),
 (13,'Desk Lamp',30,4,'SupplierM'),
 (14,'Backpack',50,7,'SupplierN'),
 (15,'Smartwatch',100,6,'SupplierO'),
 (16,'Projector',700,2,'SupplierP'),
 (17,'Printer Ink Cartridges',40,2,'SupplierQ'),
 (18,'External SSD',180,3,'SupplierR');
INSERT INTO "Employees" ("EmployeeID","Employee_Name","Role","ContactInformation") VALUES (1,'John Doe','Manager','123-456-7890'),
 (2,'Jane Smith','Sales Rep','987-654-3210'),
 (3,'Robert Johnson','IT Specialist','555-123-4567'),
 (4,'Emily Davis','Marketing Coordinator','444-789-0123'),
 (5,'Michael Brown','Customer Support','777-234-5678'),
 (6,'Samantha White','Data Analyst','888-345-6789'),
 (7,'David Miller','Researcher','999-456-7890'),
 (8,'Amanda Wilson','HR Manager','111-567-8901'),
 (9,'Christopher Lee','Software Engineer','222-678-9012'),
 (10,'Olivia Taylor','Finance Analyst','333-789-0123'),
 (11,'Daniel Garcia','Product Manager','444-890-1234'),
 (12,'Sophia Martinez','Quality Assurance','555-901-2345'),
 (13,'Liam Thomas','Graphic Designer','666-012-3456'),
 (14,'Ava Harris','Operations Coordinator','777-123-4567'),
 (15,'Ethan Rodriguez','Business Development','888-234-5678'),
 (16,'Mia Jackson','Event Planner','999-345-6789');
INSERT INTO "Customers" ("CustomerID","CustomerName","ContactInformation","PurchaseHistory") VALUES (1,'Customer1','111-222-3333','Purchase1, Purchase2'),
 (2,'Customer2','444-555-6666','Purchase3, Purchase4'),
 (3,'Customer3','777-888-9999','Purchase5, Purchase6'),
 (4,'Customer4','111-234-5678','Purchase7, Purchase8'),
 (5,'Customer5','555-678-9012','Purchase9, Purchase10'),
 (6,'Customer6','999-345-6789','Purchase11, Purchase12'),
 (7,'Customer7','333-456-7890','Purchase13, Purchase14'),
 (8,'Customer8','666-567-8901','Purchase15, Purchase16'),
 (9,'Customer9','222-678-9012','Purchase17, Purchase18'),
 (10,'Customer10','888-789-0123','Purchase19, Purchase20'),
 (11,'Customer11','444-890-1234','Purchase21, Purchase22'),
 (12,'Customer12','777-901-2345','Purchase23, Purchase24'),
 (13,'Customer13','111-012-3456','Purchase25, Purchase26'),
 (14,'Customer14','555-123-4567','Purchase27, Purchase28'),
 (15,'Customer15','999-234-5678','Purchase29, Purchase30');
INSERT INTO "Sales" ("TransactionID","DateTime","ProductID","EmployeeID","PaymentMethod","CustomerID") VALUES (1,'2023-01-01 08:00:00',1,1,'Credit Card',1),
 (2,'2023-01-02 10:30:00',2,2,'Cash',2),
 (3,'2023-01-03 12:15:00',3,3,'Credit Card',3),
 (4,'2023-01-04 14:45:00',4,4,'Cash',4),
 (5,'2023-01-05 16:30:00',5,5,'Credit Card',5),
 (6,'2023-01-06 09:45:00',6,6,'Cash',6),
 (7,'2023-01-07 11:30:00',7,7,'Credit Card',7),
 (8,'2023-01-08 13:00:00',8,8,'Cash',8),
 (9,'2023-01-09 15:45:00',9,9,'Credit Card',9),
 (10,'2023-01-10 17:30:00',10,10,'Cash',10),
 (11,'2023-01-11 08:30:00',11,11,'Credit Card',11),
 (12,'2023-01-12 10:00:00',12,12,'Cash',12),
 (13,'2023-01-13 12:45:00',13,13,'Credit Card',13),
 (14,'2023-01-14 14:15:00',14,14,'Cash',14),
 (15,'2023-01-15 16:00:00',15,15,'Credit Card',15),
 (16,'2023-01-16 09:15:00',16,1,'Cash',1),
 (17,'2023-01-17 11:00:00',17,2,'Credit Card',2);
INSERT INTO "Inventory" ("ProductID","QuantityOnHand","RecordPoint","SupplierInfo") VALUES (1,50,10,'SupplierA'),
 (2,100,20,'SupplierB'),
 (3,30,15,'SupplierC'),
 (4,75,25,'SupplierD'),
 (5,90,30,'SupplierE'),
 (6,40,12,'SupplierF'),
 (7,60,18,'SupplierG'),
 (8,25,8,'SupplierH'),
 (9,35,10,'SupplierI'),
 (10,50,15,'SupplierJ'),
 (11,20,5,'SupplierK'),
 (12,55,22,'SupplierL'),
 (13,15,4,'SupplierM'),
 (14,45,17,'SupplierN'),
 (15,80,28,'SupplierO'),
 (16,65,21,'SupplierP'),
 (17,10,3,'SupplierQ');
INSERT INTO "Categories" ("CategoryID","CategoryName") VALUES (1,'Electronics'),
 (2,'Office Supplies'),
 (3,'Home Appliances'),
 (4,'Furniture'),
 (5,'Fitness and Health'),
 (6,'Fashion Accessories'),
 (7,'Stationery'),
 (8,'Audio and Sound'),
 (9,'Lighting'),
 (10,'Bags and Luggage'),
 (11,'Smart Devices'),
 (12,'Printers and Scanners'),
 (13,'Computer Accessories'),
 (14,'Kitchen Appliances'),
 (15,'Gadgets and Gizmos'),
 (16,'Home Decor');
COMMIT;
